26.432,33.794,17.52,22.063,36.163,47.185,21.113,27.189
24.166,31.521,15.684,19.917,34.093,44.853,19.28,25.014
21.931,29.284,13.883,17.797,32.058,42.558,17.487,22.878
19.726,27.082,12.118,15.7,30.057,40.303,15.739,20.783
19.032,26.345,11.567,15.083,29.384,39.535,15.122,20.048
16.981,24.301,9.9354,13.132,27.527,37.443,13.504,18.104
16.448,23.729,9.5289,12.669,27.004,36.844,13.023,17.527
14.562,21.855,8.0388,10.873,25.3,34.927,11.544,15.746
14.203,21.461,7.7831,10.575,24.94,34.512,11.21,15.341
12.493,19.771,6.4396,8.9431,23.402,32.784,9.8791,13.736
12.32,19.568,6.3396,8.8191,23.215,32.566,9.7019,13.515
10.797,18.074,5.1472,7.3608,21.855,31.041,8.5278,12.098
10.821,18.078,5.2069,7.4202,21.856,31.036,8.5169,12.076
9.4964,16.797,4.1692,6.1445,20.687,29.731,7.5101,10.862
9.7205,17.014,4.381,6.3879,20.878,29.947,7.6632,11.043
8.6006,15.957,3.4936,5.2982,19.907,28.875,6.8238,10.041
8.9792,16.328,3.8132,5.6822,20.235,29.251,7.0931,10.371
8.044,15.471,3.0504,4.7588,19.436,28.387,6.393,9.5552
8.5039,15.91,3.4284,5.2186,19.831,28.831,6.7233,9.9555
7.714,15.204,2.7568,4.4261,19.159,28.123,6.1232,9.2788
8.2057,15.666,3.1593,4.9159,19.582,28.591,6.4819,9.708
7.5075,15.051,2.5344,4.2053,18.987,27.976,5.9349,9.1133
7.9573,15.479,2.8851,4.6472,19.374,28.412,6.2571,9.5115
7.1946,14.805,2.1469,3.8627,18.705,27.739,5.6095,8.8477
6.8885,14.532,1.7461,3.5312,18.392,27.476,5.2399,8.5533
23.48,30.817,15.406,19.513,33.557,44.467,19.07,24.682
21.529,28.866,13.82,17.654,31.746,42.416,17.455,22.758
19.578,26.917,12.237,15.792,29.925,40.363,15.839,20.835
17.628,24.968,10.659,13.926,28.09,38.304,14.221,18.912
17.448,24.779,10.548,13.781,27.994,38.124,14.097,18.716
15.592,22.926,9.0483,12.002,26.245,36.166,12.556,16.887
15.513,22.839,9.0227,11.952,26.243,36.092,12.516,16.792
13.76,21.091,7.6078,10.27,24.588,34.246,11.06,15.068
13.792,21.118,7.6743,10.324,24.689,34.29,11.112,15.084
12.152,19.486,6.349,8.7452,23.138,32.566,9.7488,13.476
12.307,19.638,6.5139,8.9132,23.352,32.741,9.903,13.615
10.788,18.132,5.2828,7.4468,21.912,31.148,8.6394,12.131
11.076,18.422,5.552,7.7385,22.25,31.467,8.9039,12.407
9.6857,17.051,4.4191,6.391,20.929,30.016,7.7471,11.057
10.114,17.487,4.794,6.812,21.396,30.487,8.1257,11.476
8.8579,16.26,3.7603,5.5876,20.199,29.188,7.0796,10.27
9.411,16.822,4.225,6.1242,20.776,29.792,7.5543,10.813
8.2841,15.735,3.2826,5.0179,19.699,28.643,6.612,9.746
8.9203,16.373,3.807,5.6335,20.342,29.326,7.1479,10.365
7.9004,15.4,2.9347,4.6246,19.362,28.302,6.2871,9.4129
8.5777,16.073,3.4877,5.2799,20.036,29.019,6.8517,10.066
7.6149,15.163,2.6404,4.3208,19.106,28.068,6.0278,9.1784
8.2412,15.787,3.1325,4.9216,19.721,28.734,6.5377,9.7842
7.1499,14.764,2.1187,3.8251,18.668,27.683,5.5716,8.7889
6.7873,14.432,1.6617,3.4346,18.3,27.373,5.1561,8.4564
38.923,46.798,27.89,33.996,47.78,60.565,31.338,39.182
35.975,43.788,25.458,31.179,45.095,57.455,28.917,36.349
33.113,40.864,23.116,28.441,42.503,54.438,26.593,33.608
30.342,38.032,20.88,25.786,40.014,51.518,24.386,30.968
28.23,35.876,19.084,23.795,37.966,49.273,22.532,28.86
25.691,33.279,17.054,21.364,35.691,46.599,20.524,26.447
23.826,31.37,15.479,19.611,33.868,44.611,18.88,24.577
21.539,29.031,13.672,17.421,31.827,42.208,17.09,22.41
19.936,27.389,12.331,15.922,30.248,40.498,15.671,20.797
17.917,25.328,10.757,13.988,28.459,38.383,14.112,18.894
16.592,23.971,9.6571,12.756,27.139,36.97,12.932,17.555
14.853,22.202,8.3214,11.089,25.615,35.161,11.615,15.931
13.817,21.144,7.465,10.134,24.568,34.06,10.681,14.879
12.368,19.681,6.3691,8.7426,23.32,32.57,9.6144,13.544
11.63,18.935,5.7575,8.0713,22.556,31.793,8.9377,12.789
10.479,17.789,4.9023,6.9633,21.594,30.636,8.1294,11.755
10.045,17.367,4.535,6.5822,21.124,30.2,7.7169,11.309
9.194,16.547,3.9143,5.7593,20.453,29.388,7.1668,10.582
9.0341,16.414,3.7528,5.6341,20.242,29.256,6.977,10.408
8.4388,15.866,3.3141,5.0509,19.804,28.732,6.6198,9.9292
8.4469,15.895,3.2754,5.0785,19.749,28.762,6.5576,9.9119
8.0262,15.527,2.9481,4.6577,19.455,28.421,6.3112,9.5895
8.09,15.607,2.9445,4.7311,19.461,28.505,6.2956,9.6289
7.6833,15.265,2.5701,4.3171,19.156,28.193,6.0097,9.3078
7.2265,14.866,2.0278,3.8535,18.701,27.819,5.52,8.8771
34.027,41.791,23.75,29.203,43.474,55.653,27.342,34.595
31.063,38.761,21.295,26.376,40.737,52.473,24.905,31.717
28.138,35.767,18.888,23.581,38.038,49.327,22.516,28.874
25.252,32.811,16.542,20.821,35.379,46.213,20.188,26.067
24.303,31.81,15.756,19.965,34.451,45.218,19.364,25.138
21.603,29.046,13.582,17.385,31.964,42.306,17.198,22.512
20.85,28.245,12.982,16.724,31.218,41.52,16.546,21.775
18.348,25.689,10.99,14.335,28.916,38.827,14.553,19.345
17.805,25.106,10.583,13.876,28.366,38.267,14.081,18.814
15.512,22.772,8.7769,11.686,26.263,35.807,12.268,16.592
15.191,22.421,8.5635,11.439,25.922,35.489,11.986,16.281
13.117,20.322,6.9411,9.4554,24.029,33.275,10.358,14.278
13.028,20.218,6.9202,9.4282,23.909,33.213,10.271,14.199
11.182,18.366,5.4783,7.6558,22.235,31.257,8.8322,12.424
11.337,18.524,5.649,7.8565,22.35,31.468,8.9472,12.59
9.7259,16.931,4.3855,6.3017,20.905,29.788,7.7036,11.055
10.124,17.352,4.7348,6.7267,21.252,30.275,8.012,11.464
8.7512,16.035,3.6422,5.3913,20.043,28.889,6.9608,10.176
9.3243,16.623,4.1112,5.9746,20.545,29.543,7.3957,10.745
8.1679,15.553,3.1591,4.8349,19.544,28.426,6.5035,9.6773
8.8193,16.193,3.6845,5.4883,20.11,29.118,6.9957,10.305
7.8219,15.3,2.8201,4.4905,19.254,28.197,6.2054,9.3943
8.449,15.911,3.3112,5.113,19.799,28.848,6.6738,9.9945
7.4405,15.031,2.3583,4.0902,18.923,27.958,5.8156,9.076
7.1637,14.804,1.9754,3.7936,18.643,27.755,5.4679,8.8169
5.44,13.217,0.67082,2.1037,17.265,26.671,3.7361,7.0086
