0,0,0,0,0,0,0,0
0,0,3.1086e-15,0,2.2204e-16,0,3.5527e-15,0
1.3323e-15,1.9984e-15,3.7881e-13,6.2172e-15,2.5091e-14,6.6613e-16,4.4875e-13,5.3291e-15
2.8422e-13,4.1966e-13,3.4959e-11,1.0847e-12,3.5489e-12,1.8163e-13,4.0316e-11,9.6101e-13
2.4154e-12,3.4646e-12,2.0804e-10,8.3489e-12,2.5019e-11,1.5963e-12,2.3739e-10,7.4631e-12
3.6459e-10,4.8874e-10,1.3615e-08,9.9866e-10,2.4359e-09,2.6041e-10,1.5156e-08,9.1168e-10
2.0021e-09,2.6229e-09,5.6295e-08,5.0675e-09,1.1526e-08,1.4682e-09,6.2143e-08,4.6594e-09
1.9339e-07,2.3822e-07,2.5397e-06,3.9602e-07,7.4675e-07,1.5222e-07,2.741e-06,3.7117e-07
6.6276e-07,8.0293e-07,7.089e-06,1.2818e-06,2.298e-06,5.3172e-07,7.6046e-06,1.2076e-06
3.9717e-05,4.5533e-05,0.00021479,6.3537e-05,9.629e-05,3.3949e-05,0.0002258,6.0894e-05
8.2139e-05,9.3247e-05,0.00039351,0.00012704,0.00018687,7.1005e-05,0.0004122,0.00012213
0.0029467,0.0031867,0.0077373,0.0038567,0.0048927,0.0026933,0.0079611,0.0037641
0.0035464,0.0038255,0.0090217,0.0046011,0.0057918,0.0032509,0.0092739,0.0044941
0.06675,0.069,0.0999,0.074784,0.082625,0.06425,0.10108,0.074022
0.047117,0.048972,0.07544,0.053787,0.060423,0.04507,0.076482,0.053149
0.32747,0.32961,0.35439,0.33486,0.34147,0.32502,0.35521,0.33419
0.17942,0.18245,0.21976,0.19003,0.19982,0.17598,0.22105,0.18905
0.54595,0.54534,0.53833,0.54383,0.54196,0.54666,0.5381,0.54402
0.28338,0.28593,0.31578,0.2922,0.30013,0.28047,0.31677,0.29139
0.61248,0.61101,0.59423,0.60743,0.60294,0.61416,0.59369,0.60788
0.28573,0.28826,0.31787,0.29448,0.30235,0.28285,0.31885,0.29368
0.59263,0.5914,0.57747,0.58842,0.58469,0.59403,0.57702,0.5888
0.25365,0.25642,0.28916,0.26324,0.27192,0.2505,0.29026,0.26236
0.684,0.68175,0.65556,0.67621,0.66924,0.68658,0.6547,0.67692
1,1,1,1,1,1,1,1
0,0,8.8818e-15,0,4.4409e-16,0,1.0658e-14,0
2.2204e-15,3.5527e-15,6.3038e-13,1.088e-14,4.3743e-14,1.3323e-15,7.4452e-13,9.5479e-15
3.8458e-13,5.6555e-13,4.499e-11,1.4477e-12,4.678e-12,2.4714e-13,5.1806e-11,1.2841e-12
4.8745e-11,6.7141e-11,2.5451e-09,1.4658e-10,3.8829e-10,3.3748e-11,2.8615e-09,1.3269e-10
9.8422e-11,1.3429e-10,4.5712e-09,2.8647e-10,7.3731e-10,6.8887e-11,5.1217e-09,2.6008e-10
9.6933e-09,1.2432e-08,2.0958e-07,2.2805e-08,4.862e-08,7.2842e-09,2.2956e-07,2.1107e-08
1.4917e-08,1.9021e-08,3.0018e-07,3.44e-08,7.2056e-08,1.1285e-08,3.281e-07,3.1897e-08
1.1111e-06,1.3367e-06,1.0904e-05,2.0981e-06,3.6823e-06,8.9856e-07,1.1667e-05,1.9809e-06
1.2641e-06,1.5181e-06,1.2142e-05,2.3727e-06,4.1424e-06,1.0243e-06,1.2983e-05,2.2414e-06
6.9356e-05,7.8916e-05,0.00034178,0.00010812,0.00016014,5.9798e-05,0.00035831,0.00010386
5.654e-05,6.451e-05,0.00028828,8.8978e-05,0.00013291,4.8594e-05,0.00030253,8.5404e-05
0.00222,0.0024101,0.0061168,0.0029446,0.00378,0.00202,0.0063028,0.0028703
0.0012568,0.0013751,0.003813,0.0017121,0.0022506,0.0011335,0.0039402,0.0016649
0.032854,0.034334,0.056313,0.038219,0.04366,0.03123,0.057207,0.037701
0.01291,0.013677,0.026229,0.01574,0.018748,0.012082,0.026781,0.015461
0.18089,0.18393,0.22119,0.1915,0.20128,0.17745,0.22248,0.19052
0.057441,0.059518,0.088524,0.064881,0.072203,0.055139,0.089645,0.064173
0.38769,0.38915,0.40591,0.39273,0.39721,0.38601,0.40645,0.39228
0.11893,0.12179,0.15855,0.12901,0.13852,0.11572,0.15988,0.12807
0.50154,0.50152,0.50128,0.50147,0.50141,0.50156,0.50128,0.50148
0.14419,0.14718,0.18478,0.15468,0.16448,0.14082,0.18611,0.15371
0.53163,0.53121,0.52637,0.53017,0.52887,0.53212,0.52622,0.5303
0.14866,0.15166,0.18932,0.15919,0.16901,0.14527,0.19064,0.15821
0.69137,0.68904,0.66199,0.68333,0.67613,0.69403,0.6611,0.68406
1,1,1,1,1,1,1,1
0,0,0,0,0,0,0,0
0,0,0,0,0,0,0,0
0,0,0,0,0,0,0,0
0,0,0,0,0,0,0,0
0,0,0,0,0,0,0,0
0,0,2.2204e-16,0,0,0,2.2204e-16,0
0,0,1.3545e-14,2.2204e-16,6.6613e-16,0,1.6431e-14,2.2204e-16
6.8834e-15,1.0658e-14,1.5645e-12,3.1086e-14,1.1813e-13,4.2188e-15,1.8379e-12,2.7089e-14
6.5792e-13,9.6034e-13,7.0364e-11,2.4152e-12,7.6339e-12,4.261e-13,8.081e-11,2.1472e-12
9.3788e-11,1.2805e-10,4.3911e-09,2.7359e-10,7.0556e-10,6.5594e-11,4.921e-09,2.4834e-10
4.2167e-09,5.469e-09,1.0473e-07,1.0311e-08,2.2746e-08,3.1281e-09,1.1519e-07,9.5098e-09
2.7641e-07,3.3883e-07,3.4201e-06,5.5672e-07,1.0345e-06,2.1877e-07,3.6847e-06,5.2256e-07
5.599e-06,6.5907e-06,4.1971e-05,9.8089e-06,1.611e-05,4.6429e-06,4.4552e-05,9.3239e-06
0.00016378,0.00018421,0.00069927,0.00024533,0.00035078,0.0001431,0.00072998,0.00023653
0.001447,0.0015802,0.0042869,0.0019583,0.0025592,0.0013079,0.0044268,0.0019055
0.017874,0.018848,0.034258,0.021445,0.02518,0.016817,0.034918,0.021095
0.061878,0.064041,0.093992,0.069613,0.077193,0.059479,0.095141,0.068878
0.23921,0.24207,0.27603,0.24911,0.2581,0.23597,0.27717,0.24821
0.32114,0.32334,0.34891,0.32875,0.33556,0.31862,0.34975,0.32806
0.50719,0.5071,0.506,0.50686,0.50657,0.50731,0.50596,0.50689
0.46847,0.4689,0.47372,0.46993,0.47122,0.46799,0.47387,0.4698
0.55716,0.5564,0.5477,0.55453,0.5522,0.55804,0.54742,0.55477
0.44589,0.44661,0.45485,0.44838,0.45059,0.44506,0.45511,0.44815
0.5714,0.57045,0.55963,0.56813,0.56523,0.57249,0.55928,0.56842
1,1,1,1,1,1,1,1
0,0,0,0,0,0,0,0
0,0,0,0,0,0,0,0
0,0,0,0,0,0,0,0
0,0,4.4409e-16,0,0,0,4.4409e-16,0
0,0,3.9968e-15,0,2.2204e-16,0,4.885e-15,0
5.3291e-15,8.2157e-15,1.2559e-12,2.4203e-14,9.3037e-14,3.1086e-15,1.477e-12,2.1094e-14
5.1958e-14,7.8604e-14,8.4972e-12,2.1494e-13,7.5406e-13,3.2419e-14,9.8817e-12,1.8918e-13
2.8835e-11,3.9999e-11,1.6431e-09,8.8842e-11,2.4048e-10,1.9802e-11,1.8522e-09,8.0246e-11
1.5997e-10,2.1684e-10,6.8524e-09,4.5525e-10,1.1486e-09,1.1281e-10,7.6592e-09,4.1417e-10
4.8955e-08,6.1429e-08,8.082e-07,1.0684e-07,2.1314e-07,3.7722e-08,8.782e-07,9.9561e-08
1.4651e-07,1.8114e-07,2.015e-06,3.039e-07,5.7961e-07,1.1482e-07,2.1777e-06,2.845e-07
2.4104e-05,2.782e-05,0.00014167,3.9464e-05,6.1046e-05,2.0445e-05,0.0001493,3.7743e-05
3.7703e-05,4.3254e-05,0.00020567,6.046e-05,9.1824e-05,3.2202e-05,0.00021627,5.7933e-05
0.0032461,0.0035058,0.0083837,0.0042291,0.0053434,0.0029714,0.0086219,0.0041292
0.0025727,0.0027874,0.0069133,0.0033889,0.0043237,0.0023464,0.0071182,0.0033055
0.097133,0.099801,0.13492,0.10658,0.11561,0.094147,0.13621,0.1057
0.041877,0.043603,0.068573,0.048103,0.054337,0.039974,0.069566,0.047506
0.42715,0.42812,0.43916,0.43049,0.43344,0.42604,0.43951,0.43019
0.15998,0.163,0.20066,0.17058,0.18042,0.15655,0.20198,0.1696
0.62683,0.62519,0.60641,0.62119,0.61617,0.62871,0.6058,0.6217
0.2296,0.2325,0.2672,0.23968,0.24885,0.22631,0.26837,0.23876
0.66603,0.66395,0.63998,0.65887,0.65248,0.6684,0.6392,0.65952
0.21762,0.22057,0.25608,0.22789,0.23726,0.21427,0.25729,0.22695
0.75599,0.75317,0.7196,0.74619,0.7373,0.75921,0.71847,0.74709
1,1,1,1,1,1,1,1
0,0,0,0,0,0,0,0
