tau,s_type,s_age,count_scrap,count,pr_scrap
1,1,1,1973.0,71651.0,0.027536252110926574
1,1,2,2854.0,75950.0,0.037577353522053984
1,1,3,3701.0,77596.0,0.04769575751327388
1,1,4,4055.0,80837.0,0.05016267303338818
1,1,5,3617.0,81284.0,0.044498302248905074
1,1,6,3734.0,79705.0,0.0468477510821153
1,1,7,3763.0,79233.0,0.04749283758030114
1,1,8,3706.0,77132.0,0.048047502981901156
1,1,9,3976.0,76756.0,0.05180051070926051
1,1,10,4325.0,76174.0,0.05677790322157166
1,1,11,3916.0,75875.0,0.05161120263591433
1,1,12,5134.0,71588.0,0.07171593004414148
1,1,13,4485.0,62140.0,0.07217573221757322
1,1,14,6769.0,54128.0,0.12505542417972215
1,1,15,5451.0,44622.0,0.12215947290574156
1,1,16,7132.0,37100.0,0.19223719676549866
1,1,17,4886.0,28611.0,0.17077347873195625
1,1,18,5272.0,20941.0,0.25175493051907744
1,1,19,3019.0,15464.0,0.19522762545266426
1,1,20,3534.0,12814.0,0.2757921023880131
1,1,21,1841.0,8437.0,0.21820552329026904
1,1,22,1718.0,5992.0,0.28671562082777036
1,1,23,994.0,4180.0,0.23779904306220095
1,2,1,1748.0,62843.0,0.027815349362697517
1,2,2,2673.0,71892.0,0.037180771156735105
1,2,3,3589.0,74616.0,0.048099603302240806
1,2,4,3874.0,78836.0,0.049139986808057236
1,2,5,3650.0,80784.0,0.045182214299861356
1,2,6,3606.0,79663.0,0.04526568168409425
1,2,7,3696.0,80731.0,0.045781669990462154
1,2,8,3790.0,78516.0,0.04827041622089765
1,2,9,3710.0,80655.0,0.04599838819664001
1,2,10,4428.0,80055.0,0.055311973018549745
1,2,11,3992.0,77398.0,0.051577560143672964
1,2,12,5437.0,74226.0,0.07324926575593457
1,2,13,4762.0,69582.0,0.06843723951596677
1,2,14,7221.0,61982.0,0.1165015649704753
1,2,15,5691.0,51984.0,0.10947599261311172
1,2,16,7682.0,41592.0,0.18469898057318715
1,2,17,4603.0,30925.0,0.14884397736459176
1,2,18,5429.0,26102.0,0.2079917247720481
1,2,19,2831.0,17838.0,0.15870613297454872
1,2,20,3411.0,13458.0,0.2534551939366919
1,2,21,1841.0,9409.0,0.195663726219577
1,2,22,1960.0,6867.0,0.2854230377166157
1,2,23,1019.0,4688.0,0.21736348122866894
1,3,1,1495.0,46393.0,0.032224689069471686
1,3,2,2105.0,49266.0,0.04272723582186498
1,3,3,2594.0,49234.0,0.05268716740463907
1,3,4,2533.0,49555.0,0.05111492281303602
1,3,5,2532.0,51463.0,0.04920039640129802
1,3,6,2809.0,54986.0,0.05108573091332339
1,3,7,3103.0,58554.0,0.052993817672575744
1,3,8,3488.0,61552.0,0.0566675331427086
1,3,9,3815.0,62790.0,0.06075808249721293
1,3,10,4475.0,69919.0,0.0640026316165849
1,3,11,4649.0,71411.0,0.06510201509571355
1,3,12,5664.0,71325.0,0.0794111461619348
1,3,13,6510.0,69855.0,0.09319304273137213
1,3,14,8282.0,65716.0,0.12602714711790128
1,3,15,7927.0,56523.0,0.14024379456150593
1,3,16,8232.0,47248.0,0.17422959701997967
1,3,17,6472.0,38711.0,0.16718762108961277
1,3,18,6515.0,31494.0,0.2068647996443767
1,3,19,4109.0,23650.0,0.17374207188160676
1,3,20,4086.0,17914.0,0.22808976219716423
1,3,21,2462.0,11729.0,0.20990706795123198
1,3,22,2181.0,8661.0,0.2518184967093869
1,3,23,842.0,4323.0,0.19477214897062226
1,4,1,1299.0,50318.0,0.025815811439246394
1,4,2,2167.0,58755.0,0.03688196749212833
1,4,3,2849.0,59730.0,0.047697974217311236
1,4,4,2871.0,60952.0,0.047102638141488386
1,4,5,2873.0,66997.0,0.04288251712763258
1,4,6,3216.0,74976.0,0.04289372599231754
1,4,7,3445.0,77940.0,0.04420066717988196
1,4,8,3840.0,80769.0,0.047542992979979944
1,4,9,4115.0,87615.0,0.04696684357701307
1,4,10,4821.0,95138.0,0.05067375811978389
1,4,11,4930.0,96758.0,0.05095185927778582
1,4,12,5780.0,94252.0,0.06132495862156771
1,4,13,5941.0,89004.0,0.06674980899734843
1,4,14,8945.0,81644.0,0.10956102101807849
1,4,15,7584.0,67882.0,0.1117232845231431
1,4,16,9934.0,56072.0,0.1771650734769582
1,4,17,6882.0,43744.0,0.15732443306510607
1,4,18,7950.0,34895.0,0.22782633615131107
1,4,19,4838.0,25007.0,0.19346582956772104
1,4,20,5191.0,19207.0,0.27026604883636174
1,4,21,2771.0,13777.0,0.20113232198591857
1,4,22,2773.0,10213.0,0.27151669440908643
1,4,23,1653.0,7600.0,0.2175
2,1,1,2806.0,81983.0,0.034226607955307804
2,1,2,4039.0,87760.0,0.046023245214220604
2,1,3,5791.0,88120.0,0.0657172038129823
2,1,4,6211.0,89255.0,0.06958713797546356
2,1,5,5268.0,84173.0,0.06258538961424685
2,1,6,4862.0,77520.0,0.06271929824561404
2,1,7,4790.0,75853.0,0.0631484582020487
2,1,8,4658.0,69864.0,0.06667239207603344
2,1,9,4349.0,66921.0,0.06498707431150162
2,1,10,4573.0,63888.0,0.07157838717756074
2,1,11,4096.0,59872.0,0.068412613575628
2,1,12,4822.0,53944.0,0.08938899599584754
2,1,13,3797.0,44458.0,0.0854064510324351
2,1,14,5181.0,37142.0,0.1394916805772441
2,1,15,4025.0,30279.0,0.1329304138181578
2,1,16,5179.0,24992.0,0.20722631241997438
2,1,17,3458.0,19244.0,0.17969237164830595
2,1,18,3946.0,14826.0,0.26615405368946443
2,1,19,2232.0,11070.0,0.2016260162601626
2,1,20,2731.0,9407.0,0.2903157223344318
2,1,21,1479.0,6220.0,0.2377813504823151
2,1,22,1434.0,4548.0,0.3153034300791557
2,1,23,759.0,3069.0,0.24731182795698925
2,2,1,2339.0,66775.0,0.03502807937102209
2,2,2,3567.0,74018.0,0.04819098057229323
2,2,3,4664.0,74500.0,0.06260402684563758
2,2,4,4993.0,73123.0,0.06828220942795017
2,2,5,4375.0,71746.0,0.06097900928274747
2,2,6,4089.0,67885.0,0.06023421963614937
2,2,7,4100.0,67266.0,0.060952041150060955
2,2,8,3913.0,64418.0,0.060743891458909
2,2,9,3911.0,65679.0,0.059547191644208956
2,2,10,4379.0,64043.0,0.06837593491872648
2,2,11,3930.0,61078.0,0.06434395363305936
2,2,12,4996.0,57703.0,0.08658128693482141
2,2,13,4252.0,51913.0,0.08190626625315432
2,2,14,6025.0,44900.0,0.13418708240534521
2,2,15,4598.0,38393.0,0.1197614148412471
2,2,16,6186.0,32257.0,0.19177232848684006
2,2,17,3897.0,25133.0,0.1550551068316556
2,2,18,4778.0,21536.0,0.22186106983655274
2,2,19,2696.0,15330.0,0.17586431833007177
2,2,20,3004.0,11682.0,0.2571477486731724
2,2,21,1820.0,8421.0,0.21612635078969245
2,2,22,1752.0,6086.0,0.28787380874137364
2,2,23,989.0,4403.0,0.22461957756075404
2,3,1,4742.0,138156.0,0.034323518341584876
2,3,2,6917.0,144415.0,0.04789668663227504
2,3,3,8581.0,139745.0,0.06140470142044438
2,3,4,8169.0,133940.0,0.06098999552038226
2,3,5,7369.0,130957.0,0.056270378826637754
2,3,6,7561.0,128808.0,0.05869977020060866
2,3,7,7542.0,126233.0,0.05974665895605745
2,3,8,7711.0,121506.0,0.063461886655803
2,3,9,7576.0,113607.0,0.06668603167058368
2,3,10,8087.0,111411.0,0.07258708745096983
2,3,11,7225.0,103226.0,0.0699920562648945
2,3,12,8018.0,93607.0,0.0856559872659096
2,3,13,7541.0,82991.0,0.09086527454784253
2,3,14,8869.0,72144.0,0.12293468618318917
2,3,15,7831.0,58627.0,0.13357326828935473
2,3,16,7717.0,47129.0,0.16374206963865137
2,3,17,5835.0,37568.0,0.15531835604770017
2,3,18,5805.0,30029.0,0.19331313064038097
2,3,19,3859.0,22307.0,0.17299502398350294
2,3,20,3498.0,16671.0,0.20982544538420012
2,3,21,2287.0,11179.0,0.2045800161016191
2,3,22,1941.0,8067.0,0.24060989215321682
2,3,23,874.0,4437.0,0.1969799414018481
2,4,1,3963.0,121147.0,0.03271232469644316
2,4,2,7121.0,135345.0,0.05261369093797333
2,4,3,8910.0,129559.0,0.06877175649703995
2,4,4,8392.0,124451.0,0.06743216205574885
2,4,5,7409.0,125363.0,0.05910037251820713
2,4,6,7230.0,126440.0,0.05718127174944638
2,4,7,7047.0,120717.0,0.05837620219190338
2,4,8,7147.0,115961.0,0.06163279033468149
2,4,9,7113.0,113824.0,0.06249121450660669
2,4,10,7333.0,111031.0,0.06604461816970035
2,4,11,6567.0,103641.0,0.06336295481517933
2,4,12,7316.0,92137.0,0.07940349696647384
2,4,13,6170.0,79243.0,0.07786176696995319
2,4,14,8052.0,67668.0,0.11899272920730626
2,4,15,6217.0,52908.0,0.11750585922733803
2,4,16,8029.0,42520.0,0.18882878645343368
2,4,17,5238.0,31922.0,0.16408746319152936
2,4,18,5892.0,25180.0,0.23399523431294678
2,4,19,3437.0,17809.0,0.19299230726037397
2,4,20,3702.0,13767.0,0.26890390063194597
2,4,21,2081.0,10213.0,0.20375991383530795
2,4,22,2050.0,7677.0,0.2670313924710173
2,4,23,1185.0,5531.0,0.21424697161453626
3,1,1,491.0,7933.0,0.06189335686373377
3,1,2,571.0,8055.0,0.07088764742396027
3,1,3,546.0,8450.0,0.06461538461538462
3,1,4,579.0,9178.0,0.06308563957289169
3,1,5,577.0,10210.0,0.05651322233104799
3,1,6,726.0,11367.0,0.0638690947479546
3,1,7,806.0,12459.0,0.06469219038446103
3,1,8,916.0,13716.0,0.0667833187518227
3,1,9,994.0,15405.0,0.06452450503083415
3,1,10,1255.0,17090.0,0.07343475716793446
3,1,11,1352.0,19367.0,0.06980946971652811
3,1,12,1898.0,20747.0,0.09148310599122765
3,1,13,1816.0,19890.0,0.09130216189039718
3,1,14,2907.0,19998.0,0.14536453645364536
3,1,15,2649.0,18269.0,0.14499972631233238
3,1,16,3594.0,16551.0,0.21714700018125793
3,1,17,2734.0,13989.0,0.19543927371506184
3,1,18,2993.0,11324.0,0.264305898975627
3,1,19,1971.0,8867.0,0.22228487650840195
3,1,20,2241.0,7762.0,0.2887142489049214
3,1,21,1293.0,5385.0,0.24011142061281338
3,1,22,1265.0,4076.0,0.3103532875368008
3,1,23,707.0,2815.0,0.25115452930728244
3,2,1,652.0,13289.0,0.04906313492362104
3,2,2,809.0,15315.0,0.05282402873000327
3,2,3,970.0,16578.0,0.05851128000965135
3,2,4,1071.0,18672.0,0.0573586118251928
3,2,5,994.0,20529.0,0.048419309269813436
3,2,6,1089.0,22148.0,0.049169225212208775
3,2,7,1323.0,24722.0,0.0535150877760699
3,2,8,1430.0,26377.0,0.05421389847215377
3,2,9,1606.0,29248.0,0.054909737417943104
3,2,10,1988.0,31469.0,0.0631732816422511
3,2,11,1968.0,32701.0,0.06018164582122871
3,2,12,2837.0,33787.0,0.08396720632195814
3,2,13,2705.0,33927.0,0.07973000854776431
3,2,14,4227.0,32652.0,0.1294560823226755
3,2,15,3496.0,29174.0,0.11983272777130322
3,2,16,4709.0,24810.0,0.1898024989923418
3,2,17,3236.0,20018.0,0.16165451094015387
3,2,18,3753.0,17261.0,0.21742656856497306
3,2,19,2206.0,12245.0,0.1801551653736219
3,2,20,2469.0,9552.0,0.25847989949748745
3,2,21,1433.0,6807.0,0.210518583810783
3,2,22,1451.0,5029.0,0.28852654603300854
3,2,23,791.0,3433.0,0.23041071948732886
3,3,1,286.0,3585.0,0.07977684797768479
3,3,2,330.0,3839.0,0.08595988538681948
3,3,3,400.0,3977.0,0.10057832537088257
3,3,4,419.0,4325.0,0.096878612716763
3,3,5,445.0,4812.0,0.09247714048212802
3,3,6,617.0,5708.0,0.10809390329362299
3,3,7,754.0,6681.0,0.11285735668313127
3,3,8,881.0,7604.0,0.11586007364544976
3,3,9,929.0,8417.0,0.11037186646073423
3,3,10,1242.0,10147.0,0.12240070956933084
3,3,11,1421.0,11207.0,0.1267957526545909
3,3,12,1684.0,12393.0,0.13588315984830146
3,3,13,2132.0,13378.0,0.15936612348632082
3,3,14,2709.0,13952.0,0.19416571100917432
3,3,15,2945.0,13202.0,0.2230722617785184
3,3,16,2984.0,11630.0,0.25657781599312124
3,3,17,2563.0,10003.0,0.256223133060082
3,3,18,2445.0,8556.0,0.2857643758765778
3,3,19,1760.0,6684.0,0.26331538001196886
3,3,20,1558.0,5235.0,0.2976122254059217
3,3,21,1096.0,3701.0,0.29613617941097004
3,3,22,924.0,2852.0,0.32398316970546986
3,3,23,401.0,1456.0,0.27541208791208793
3,4,1,203.0,3141.0,0.06462909901305317
3,4,2,294.0,3768.0,0.07802547770700637
3,4,3,330.0,4003.0,0.0824381713714714
3,4,4,350.0,4378.0,0.07994518044769301
3,4,5,409.0,5311.0,0.07700997928826962
3,4,6,490.0,6545.0,0.0748663101604278
3,4,7,541.0,7534.0,0.07180780461906026
3,4,8,668.0,8777.0,0.07610800957046827
3,4,9,825.0,10745.0,0.07677989762680316
3,4,10,968.0,13665.0,0.0708379070618368
3,4,11,1176.0,15995.0,0.07352297592997811
3,4,12,1476.0,17648.0,0.08363553943789664
3,4,13,1803.0,19154.0,0.09413177404197556
3,4,14,2976.0,20239.0,0.1470428380848856
3,4,15,2850.0,19196.0,0.148468430923109
3,4,16,3718.0,17627.0,0.21092641969705567
3,4,17,3250.0,15475.0,0.210016155088853
3,4,18,3550.0,13407.0,0.2647870515402402
3,4,19,2485.0,10388.0,0.23921832884097036
3,4,20,2487.0,8204.0,0.303144807411019
3,4,21,1458.0,5870.0,0.248381601362862
3,4,22,1419.0,4531.0,0.3131758993599647
3,4,23,881.0,3224.0,0.27326302729528534
4,1,1,1487.0,43423.0,0.034244524791009374
4,1,2,1762.0,43027.0,0.040951030748134894
4,1,3,2123.0,41910.0,0.050656167979002624
4,1,4,2098.0,43166.0,0.04860306722883751
4,1,5,2045.0,43673.0,0.04682526961738374
4,1,6,2264.0,45065.0,0.05023854432486408
4,1,7,2435.0,47119.0,0.05167766718308962
4,1,8,2686.0,48904.0,0.05492393260265009
4,1,9,2794.0,51057.0,0.05472315255498756
4,1,10,3454.0,52933.0,0.0652523000774564
4,1,11,3270.0,53374.0,0.061265784839060214
4,1,12,4319.0,51667.0,0.0835930090773608
4,1,13,3828.0,45941.0,0.08332426372956618
4,1,14,5723.0,41617.0,0.1375159189754187
4,1,15,4854.0,35766.0,0.1357154839791981
4,1,16,6544.0,30902.0,0.21176622872306
4,1,17,4732.0,24928.0,0.18982670089858794
4,1,18,5312.0,19572.0,0.27140813406907827
4,1,19,3360.0,15083.0,0.22276735397467348
4,1,20,3884.0,12838.0,0.3025393363452251
4,1,21,2001.0,8407.0,0.2380159390983704
4,1,22,1993.0,6123.0,0.325494038869835
4,1,23,1006.0,4070.0,0.24717444717444717
4,2,1,1649.0,59101.0,0.027901389147391754
4,2,2,2242.0,64275.0,0.03488136911707507
4,2,3,2876.0,66439.0,0.04328782793238911
4,2,4,3216.0,69325.0,0.04639019112874144
4,2,5,2984.0,72206.0,0.04132620557848378
4,2,6,3221.0,72577.0,0.044380451107100045
4,2,7,3386.0,74849.0,0.04523774532725888
4,2,8,3694.0,75600.0,0.048862433862433864
4,2,9,3811.0,78250.0,0.04870287539936102
4,2,10,4523.0,78949.0,0.057290149336913704
4,2,11,4250.0,76118.0,0.05583436243726845
4,2,12,5945.0,72110.0,0.08244348911385384
4,2,13,5274.0,66291.0,0.07955831108295244
4,2,14,7650.0,57748.0,0.13247212024658864
4,2,15,6166.0,49313.0,0.12503802242816295
4,2,16,8190.0,41672.0,0.19653484354002687
4,2,17,5272.0,32218.0,0.16363523496182258
4,2,18,6248.0,27375.0,0.22823744292237444
4,2,19,3593.0,19038.0,0.18872780754280913
4,2,20,3916.0,14294.0,0.2739611025605149
4,2,21,2250.0,10032.0,0.2242822966507177
4,2,22,2156.0,7226.0,0.29836700802657073
4,2,23,1148.0,5002.0,0.22950819672131148
4,3,1,1144.0,26533.0,0.04311611954924057
4,3,2,1558.0,27163.0,0.05735743474579391
4,3,3,1730.0,26871.0,0.06438167541215437
4,3,4,1804.0,27210.0,0.06629915472252848
4,3,5,1820.0,28486.0,0.06389103419223478
4,3,6,2178.0,31007.0,0.0702422033734318
4,3,7,2492.0,33693.0,0.07396195055352744
4,3,8,2598.0,35741.0,0.07268962815813772
4,3,9,2810.0,37606.0,0.07472211881082806
4,3,10,3586.0,41008.0,0.08744635193133048
4,3,11,3601.0,41818.0,0.08611124396193028
4,3,12,4391.0,41938.0,0.10470217940769708
4,3,13,4841.0,40940.0,0.11824621397166585
4,3,14,5818.0,39249.0,0.14823307600193636
4,3,15,5861.0,34842.0,0.16821652029160208
4,3,16,6255.0,29931.0,0.20898065550766765
4,3,17,5051.0,25459.0,0.19839742330806395
4,3,18,5178.0,21712.0,0.23848563006632278
4,3,19,3551.0,16683.0,0.21285140562248997
4,3,20,3300.0,13051.0,0.2528541874185886
4,3,21,2075.0,9119.0,0.22754688014036628
4,3,22,1904.0,7070.0,0.2693069306930693
4,3,23,812.0,3875.0,0.2095483870967742
4,4,1,937.0,23630.0,0.039652983495556494
4,4,2,1526.0,26855.0,0.0568236827406442
4,4,3,1815.0,26711.0,0.06794953389989143
4,4,4,1627.0,26704.0,0.06092720191731576
4,4,5,1660.0,29617.0,0.05604889083972043
4,4,6,1898.0,33785.0,0.056178777564007694
4,4,7,2093.0,36233.0,0.05776502083735821
4,4,8,2261.0,39195.0,0.057685929327720376
4,4,9,2495.0,43872.0,0.05686998541210795
4,4,10,3067.0,49474.0,0.06199215749686704
4,4,11,3096.0,52080.0,0.05944700460829493
4,4,12,4117.0,52460.0,0.07847884102173085
4,4,13,4288.0,51661.0,0.08300265190375719
4,4,14,6481.0,49803.0,0.13013272292833766
4,4,15,5707.0,43162.0,0.13222278856401465
4,4,16,7607.0,38160.0,0.1993448637316562
4,4,17,5646.0,31909.0,0.17694067504465824
4,4,18,6884.0,26745.0,0.25739390540287904
4,4,19,4424.0,19949.0,0.22176550203017695
4,4,20,4531.0,15570.0,0.29100834938985226
4,4,21,2635.0,11475.0,0.22962962962962963
4,4,22,2645.0,8830.0,0.2995469988674972
4,4,23,1498.0,6105.0,0.24537264537264536
5,1,1,1334.0,49707.0,0.026837266380992618
5,1,2,2052.0,51941.0,0.039506362988775724
5,1,3,2782.0,50628.0,0.054949830133522955
5,1,4,2700.0,51077.0,0.052861366172641304
5,1,5,2384.0,50922.0,0.04681670005105848
5,1,6,2520.0,49404.0,0.051008015545299976
5,1,7,2531.0,48845.0,0.05181697205445798
5,1,8,2501.0,46535.0,0.053744493392070485
5,1,9,2596.0,45895.0,0.05656389584922105
5,1,10,2946.0,45253.0,0.06510065631007889
5,1,11,2802.0,44900.0,0.062405345211581295
5,1,12,3725.0,42391.0,0.08787242575074898
5,1,13,3271.0,36365.0,0.08994912690774096
5,1,14,5006.0,32463.0,0.15420632720327757
5,1,15,4163.0,27691.0,0.15033765483370048
5,1,16,5501.0,23631.0,0.2327874402268207
5,1,17,3762.0,18258.0,0.20604666447584621
5,1,18,4035.0,14076.0,0.28665814151747654
5,1,19,2495.0,10659.0,0.23407449104043532
5,1,20,2804.0,8796.0,0.318781264211005
5,1,21,1472.0,5755.0,0.25577758470894874
5,1,22,1443.0,4214.0,0.34242999525391554
5,1,23,772.0,2784.0,0.27729885057471265
5,2,1,1636.0,53059.0,0.030833600331706214
5,2,2,2487.0,55595.0,0.044734238690529726
5,2,3,3112.0,52407.0,0.05938138034995325
5,2,4,2990.0,50348.0,0.05938666878525463
5,2,5,2705.0,48922.0,0.05529209762479048
5,2,6,2559.0,46191.0,0.05540040267584594
5,2,7,2454.0,44969.0,0.054570926638350864
5,2,8,2566.0,43777.0,0.05861525458574137
5,2,9,2413.0,44624.0,0.054074040874865545
5,2,10,2927.0,44635.0,0.06557634143609276
5,2,11,2796.0,45045.0,0.062071262071262075
5,2,12,4011.0,44379.0,0.0903805854120192
5,2,13,3849.0,43540.0,0.08840146991272393
5,2,14,5753.0,40930.0,0.14055704861959442
5,2,15,4671.0,36319.0,0.12861036922822766
5,2,16,6483.0,32049.0,0.2022840026209866
5,2,17,4398.0,25948.0,0.16949283181748112
5,2,18,5043.0,22094.0,0.22825201412148094
5,2,19,2827.0,15629.0,0.18088169428626272
5,2,20,3262.0,11972.0,0.27246909455395923
5,2,21,1946.0,8600.0,0.22627906976744186
5,2,22,1847.0,6243.0,0.29585135351593783
5,2,23,1053.0,4136.0,0.2545938104448743
5,3,1,1098.0,40513.0,0.027102411571594303
5,3,2,1576.0,41620.0,0.03786641037962518
5,3,3,1938.0,41039.0,0.047223372889202954
5,3,4,1877.0,42680.0,0.043978444236176195
5,3,5,2010.0,46291.0,0.04342096735866583
5,3,6,2374.0,49455.0,0.04800323526438176
5,3,7,2558.0,51971.0,0.04921975717226915
5,3,8,2948.0,53207.0,0.05540624353938391
5,3,9,3165.0,52701.0,0.060055786417715036
5,3,10,3836.0,55765.0,0.06878866672644132
5,3,11,3828.0,54905.0,0.06972042619069302
5,3,12,4862.0,53717.0,0.0905113837332688
5,3,13,5398.0,50082.0,0.10778323549379018
5,3,14,6857.0,46113.0,0.14869993277383817
5,3,15,6510.0,38731.0,0.16808241460328935
5,3,16,6437.0,31278.0,0.20579960355521454
5,3,17,4849.0,24438.0,0.19842049267534168
5,3,18,4724.0,19682.0,0.240016258510314
5,3,19,2997.0,14188.0,0.21123484634902734
5,3,20,2692.0,10399.0,0.2588710452928166
5,3,21,1745.0,6679.0,0.2612666566851325
5,3,22,1353.0,4634.0,0.2919723780750971
5,3,23,600.0,2423.0,0.24762690879075527
5,4,1,1546.0,59596.0,0.02594133834485536
5,4,2,2314.0,63475.0,0.03645529736116581
5,4,3,2997.0,61038.0,0.04910056030669419
5,4,4,3101.0,61804.0,0.050174745971134554
5,4,5,2988.0,66882.0,0.044675697497084416
5,4,6,3243.0,71757.0,0.0451941970818178
5,4,7,3341.0,70374.0,0.04747491971466735
5,4,8,3602.0,70127.0,0.05136395396922726
5,4,9,3825.0,72772.0,0.05256142472379487
5,4,10,4274.0,74900.0,0.05706275033377837
5,4,11,4176.0,73035.0,0.05717806531115219
5,4,12,5040.0,69429.0,0.07259214449293523
5,4,13,5155.0,64050.0,0.0804839968774395
5,4,14,7490.0,58359.0,0.12834352884730718
5,4,15,6227.0,48048.0,0.1295995670995671
5,4,16,8110.0,39846.0,0.20353360437685086
5,4,17,5558.0,30770.0,0.18063048423789405
5,4,18,6123.0,24575.0,0.2491556459816887
5,4,19,3882.0,17750.0,0.21870422535211267
5,4,20,3785.0,13226.0,0.28617873884772416
5,4,21,2076.0,9173.0,0.2263163632399433
5,4,22,1959.0,6701.0,0.29234442620504403
5,4,23,1243.0,4649.0,0.2673693267369327
6,1,1,1906.0,51396.0,0.037084598023192465
6,1,2,2903.0,56414.0,0.051458857730350624
6,1,3,4157.0,57146.0,0.07274349910754908
6,1,4,4484.0,57538.0,0.07793110639924919
6,1,5,3665.0,53457.0,0.06855977701704173
6,1,6,3432.0,49443.0,0.06941326375826709
6,1,7,3428.0,48439.0,0.07076942133404901
6,1,8,3186.0,44707.0,0.07126400787348737
6,1,9,3310.0,42739.0,0.07744682842368797
6,1,10,3283.0,40395.0,0.08127243470726575
6,1,11,2832.0,36866.0,0.07681874898280258
6,1,12,3474.0,32935.0,0.1054804918779414
6,1,13,2476.0,27035.0,0.09158498243018309
6,1,14,3569.0,22783.0,0.15665188956678225
6,1,15,2516.0,18071.0,0.13922859830667922
6,1,16,3320.0,14728.0,0.2254209668658338
6,1,17,2173.0,11391.0,0.19076463874989028
6,1,18,2471.0,8961.0,0.2757504742774244
6,1,19,1478.0,6718.0,0.22000595415302174
6,1,20,1706.0,5605.0,0.304371097234612
6,1,21,920.0,3667.0,0.2508862830651759
6,1,22,902.0,2627.0,0.34335744194899126
6,1,23,394.0,1712.0,0.23014018691588786
6,2,1,2523.0,69909.0,0.03608977384886066
6,2,2,3952.0,73982.0,0.053418399070044066
6,2,3,4959.0,70917.0,0.06992681585515462
6,2,4,4943.0,66253.0,0.07460794228185894
6,2,5,4245.0,62351.0,0.06808230822280316
6,2,6,3863.0,57420.0,0.06727621037965865
6,2,7,3743.0,55375.0,0.06759367945823928
6,2,8,3609.0,52606.0,0.0686043417100711
6,2,9,3386.0,51681.0,0.06551730810162341
6,2,10,3702.0,49315.0,0.07506843759505222
6,2,11,3239.0,45337.0,0.07144275095396696
6,2,12,4130.0,41823.0,0.09874949190636731
6,2,13,3330.0,36681.0,0.09078269403778523
6,2,14,4491.0,31773.0,0.14134642621093382
6,2,15,3169.0,26727.0,0.11856923710105885
6,2,16,4367.0,22898.0,0.19071534631845577
6,2,17,2756.0,18015.0,0.15298362475714683
6,2,18,3392.0,14997.0,0.22617856904714276
6,2,19,1874.0,10515.0,0.17822158820732287
6,2,20,2092.0,7883.0,0.2653812000507421
6,2,21,1167.0,5389.0,0.2165522360363704
6,2,22,1190.0,3801.0,0.31307550644567217
6,2,23,596.0,2552.0,0.2335423197492163
6,3,1,3187.0,87492.0,0.03642618753714626
6,3,2,4447.0,92217.0,0.04822321263975189
6,3,3,5790.0,88866.0,0.0651542772263858
6,3,4,5582.0,83076.0,0.067191487312822
6,3,5,4960.0,79616.0,0.06229903536977492
6,3,6,5050.0,77731.0,0.06496764482638845
6,3,7,5025.0,74438.0,0.06750584378946237
6,3,8,5073.0,70251.0,0.07221249519579792
6,3,9,4743.0,64257.0,0.07381296979317428
6,3,10,5196.0,60838.0,0.08540714684900884
6,3,11,4489.0,54998.0,0.08162114985999491
6,3,12,4937.0,48848.0,0.10106862102849656
6,3,13,4307.0,42179.0,0.10211242561464236
6,3,14,5042.0,36354.0,0.13869175331462838
6,3,15,4130.0,28859.0,0.1431096018573062
6,3,16,4103.0,22957.0,0.17872544321993292
6,3,17,3038.0,18251.0,0.16645663251328693
6,3,18,3130.0,14650.0,0.2136518771331058
6,3,19,2023.0,10775.0,0.18774941995359629
6,3,20,1817.0,8054.0,0.22560218524956543
6,3,21,1078.0,5409.0,0.19929746718432242
6,3,22,1047.0,4046.0,0.2587740978744439
6,3,23,485.0,2172.0,0.22329650092081033
6,4,1,4091.0,108837.0,0.03758832014847892
6,4,2,6428.0,116866.0,0.05500316601920148
6,4,3,8310.0,107878.0,0.07703146146572981
6,4,4,7820.0,98601.0,0.07930954047119197
6,4,5,6473.0,93242.0,0.069421505330216
6,4,6,6209.0,88364.0,0.0702661717441492
6,4,7,5803.0,81513.0,0.07119109835241004
6,4,8,5698.0,75558.0,0.07541226607374467
6,4,9,5505.0,71857.0,0.07661049027930474
6,4,10,5246.0,67270.0,0.0779842426044299
6,4,11,4633.0,60496.0,0.07658357577360486
6,4,12,4981.0,52992.0,0.09399532004830918
6,4,13,4166.0,44878.0,0.09282944872766166
6,4,14,5254.0,38856.0,0.13521721227094916
6,4,15,3837.0,29927.0,0.12821198249072743
6,4,16,4452.0,23818.0,0.18691745738517088
6,4,17,3130.0,18805.0,0.16644509438978994
6,4,18,3479.0,14994.0,0.23202614379084968
6,4,19,2081.0,10851.0,0.19177955948760483
6,4,20,2220.0,8233.0,0.2696465443945099
6,4,21,1205.0,5821.0,0.20700910496478267
6,4,22,1183.0,4505.0,0.2625971143174251
6,4,23,692.0,3068.0,0.2255541069100391
7,1,1,221.0,5784.0,0.038208852005532506
7,1,2,241.0,5173.0,0.04658805335395322
7,1,3,243.0,4917.0,0.04942037827943868
7,1,4,287.0,5298.0,0.05417138542846357
7,1,5,237.0,5811.0,0.04078471863706763
7,1,6,335.0,6272.0,0.053411989795918366
7,1,7,354.0,6761.0,0.05235911847359858
7,1,8,415.0,7376.0,0.05626355748373102
7,1,9,481.0,7808.0,0.061603483606557374
7,1,10,549.0,8332.0,0.06589054248679789
7,1,11,610.0,9024.0,0.06759751773049645
7,1,12,841.0,9082.0,0.09260074873375908
7,1,13,814.0,8250.0,0.09866666666666667
7,1,14,1292.0,8036.0,0.1607765057242409
7,1,15,1109.0,7034.0,0.1576627807790731
7,1,16,1422.0,5975.0,0.2379916317991632
7,1,17,1072.0,4836.0,0.22167080231596362
7,1,18,1167.0,3800.0,0.3071052631578947
7,1,19,735.0,2805.0,0.2620320855614973
7,1,20,834.0,2341.0,0.3562580093976933
7,1,21,438.0,1531.0,0.28608752449379493
7,1,22,396.0,1051.0,0.37678401522359656
7,1,23,204.0,670.0,0.3044776119402985
7,2,1,424.0,11334.0,0.03740956414328569
7,2,2,414.0,10674.0,0.0387858347386172
7,2,3,515.0,10061.0,0.05118775469635225
7,2,4,466.0,10128.0,0.046011058451816744
7,2,5,483.0,10639.0,0.04539900366575806
7,2,6,500.0,10682.0,0.046807713911252574
7,2,7,522.0,10743.0,0.0485897793912315
7,2,8,626.0,11056.0,0.05662083936324168
7,2,9,635.0,11743.0,0.05407476794686196
7,2,10,796.0,12154.0,0.06549284186276123
7,2,11,764.0,12213.0,0.06255629247523131
7,2,12,1154.0,12259.0,0.09413492128232319
7,2,13,1093.0,11971.0,0.09130398462952134
7,2,14,1689.0,11224.0,0.15048111190306487
7,2,15,1410.0,9675.0,0.14573643410852713
7,2,16,1841.0,8310.0,0.22154031287605294
7,2,17,1312.0,6788.0,0.1932822628167354
7,2,18,1490.0,5697.0,0.26154116201509564
7,2,19,864.0,3827.0,0.2257643062451006
7,2,20,813.0,2745.0,0.29617486338797816
7,2,21,535.0,1977.0,0.270612038442084
7,2,22,497.0,1320.0,0.3765151515151515
7,2,23,275.0,883.0,0.3114382785956965
7,3,1,101.0,1983.0,0.050932929904185575
7,3,2,116.0,1913.0,0.060637741766858336
7,3,3,131.0,2064.0,0.06346899224806202
7,3,4,174.0,2305.0,0.0754880694143167
7,3,5,161.0,2697.0,0.059695958472376714
7,3,6,246.0,3121.0,0.07882089074014739
7,3,7,309.0,3748.0,0.08244397011739595
7,3,8,341.0,4142.0,0.08232737807822309
7,3,9,394.0,4612.0,0.08542931483087597
7,3,10,517.0,5231.0,0.09883387497610399
7,3,11,554.0,5670.0,0.09770723104056438
7,3,12,690.0,5871.0,0.11752682677567705
7,3,13,885.0,6113.0,0.1447734336659578
7,3,14,1058.0,5832.0,0.18141289437585734
7,3,15,1154.0,5413.0,0.2131904673933124
7,3,16,1126.0,4543.0,0.24785384107418007
7,3,17,953.0,3761.0,0.25339005583621377
7,3,18,949.0,3110.0,0.3051446945337621
7,3,19,594.0,2256.0,0.2632978723404255
7,3,20,511.0,1716.0,0.2977855477855478
7,3,21,294.0,1079.0,0.27247451343836887
7,3,22,242.0,745.0,0.32483221476510066
7,3,23,105.0,395.0,0.26582278481012656
7,4,1,152.0,2738.0,0.05551497443389335
7,4,2,155.0,2853.0,0.05432877672625307
7,4,3,171.0,2925.0,0.05846153846153846
7,4,4,212.0,3191.0,0.06643685365089314
7,4,5,210.0,3950.0,0.053164556962025315
7,4,6,271.0,4756.0,0.056980656013456685
7,4,7,303.0,5354.0,0.05659320134478894
7,4,8,335.0,5831.0,0.05745155204939118
7,4,9,468.0,7008.0,0.06678082191780822
7,4,10,540.0,8146.0,0.06629020378099681
7,4,11,590.0,8915.0,0.06618059450364554
7,4,12,784.0,9417.0,0.08325369013486249
7,4,13,959.0,9770.0,0.09815762538382805
7,4,14,1449.0,9628.0,0.150498545907769
7,4,15,1288.0,8470.0,0.15206611570247933
7,4,16,1706.0,7381.0,0.23113399268391815
7,4,17,1319.0,6132.0,0.21510110893672538
7,4,18,1480.0,5180.0,0.2857142857142857
7,4,19,950.0,3819.0,0.24875621890547264
7,4,20,900.0,2929.0,0.3072721065209969
7,4,21,504.0,1959.0,0.2572741194486983
7,4,22,475.0,1411.0,0.33664068036853295
7,4,23,304.0,971.0,0.31307929969104015
8,1,1,491.0,14777.0,0.03322731271570684
8,1,2,646.0,14592.0,0.044270833333333336
8,1,3,790.0,13537.0,0.058358572800472776
8,1,4,792.0,13502.0,0.05865797659605984
8,1,5,706.0,13135.0,0.05374952417205938
8,1,6,737.0,13144.0,0.05607121119902617
8,1,7,734.0,13304.0,0.05517137702946482
8,1,8,876.0,13027.0,0.06724495279035848
8,1,9,881.0,13222.0,0.06663137195583119
8,1,10,1027.0,12858.0,0.07987245294758127
8,1,11,944.0,12334.0,0.07653640343765201
8,1,12,1229.0,11382.0,0.10797750834651204
8,1,13,975.0,9678.0,0.10074395536267824
8,1,14,1365.0,8312.0,0.1642204042348412
8,1,15,1122.0,6924.0,0.16204506065857885
8,1,16,1377.0,5714.0,0.24098704935246762
8,1,17,972.0,4489.0,0.21652929382936065
8,1,18,1031.0,3467.0,0.2973752523795789
8,1,19,639.0,2571.0,0.2485414235705951
8,1,20,713.0,2084.0,0.34213051823416507
8,1,21,384.0,1358.0,0.28276877761413843
8,1,22,393.0,1013.0,0.38795656465942746
8,1,23,182.0,639.0,0.28482003129890454
8,2,1,705.0,23273.0,0.030292613758432518
8,2,2,1059.0,23890.0,0.04432817078275429
8,2,3,1292.0,23049.0,0.05605449260271595
8,2,4,1365.0,21923.0,0.06226337636272408
8,2,5,1170.0,21023.0,0.05565333206488132
8,2,6,1099.0,19739.0,0.05567657936065657
8,2,7,1159.0,19186.0,0.06040863129365162
8,2,8,1139.0,18042.0,0.06313047333998448
8,2,9,1149.0,17832.0,0.06443472409152086
8,2,10,1335.0,16837.0,0.07928965967808992
8,2,11,1177.0,15457.0,0.07614672963705764
8,2,12,1435.0,13864.0,0.10350548182342759
8,2,13,1267.0,12195.0,0.1038950389503895
8,2,14,1710.0,10591.0,0.16145784156359172
8,2,15,1296.0,8931.0,0.14511252939200536
8,2,16,1679.0,7632.0,0.21999475890985326
8,2,17,1152.0,5881.0,0.19588505356231933
8,2,18,1259.0,4947.0,0.2544976753588033
8,2,19,732.0,3443.0,0.2126052860877142
8,2,20,787.0,2513.0,0.3131715081575806
8,2,21,432.0,1640.0,0.2634146341463415
8,2,22,399.0,1156.0,0.34515570934256057
8,2,23,192.0,775.0,0.24774193548387097
8,3,1,414.0,8409.0,0.04923296468069925
8,3,2,469.0,8210.0,0.05712545676004872
8,3,3,572.0,8159.0,0.07010663071454835
8,3,4,554.0,8350.0,0.06634730538922155
8,3,5,536.0,8802.0,0.06089525107930016
8,3,6,658.0,9573.0,0.06873498380862843
8,3,7,749.0,10138.0,0.07388044979285856
8,3,8,879.0,10689.0,0.0822340724108897
8,3,9,877.0,10751.0,0.08157380708771277
8,3,10,1041.0,11225.0,0.09273942093541203
8,3,11,1088.0,11317.0,0.09613855261995229
8,3,12,1279.0,10843.0,0.11795628516093332
8,3,13,1219.0,10173.0,0.11982699302074118
8,3,14,1565.0,9305.0,0.16818914562063406
8,3,15,1405.0,7890.0,0.17807351077313055
8,3,16,1390.0,6624.0,0.2098429951690821
8,3,17,1109.0,5498.0,0.20170971262277193
8,3,18,1127.0,4508.0,0.25
8,3,19,852.0,3491.0,0.24405614437124032
8,3,20,707.0,2579.0,0.2741372625048468
8,3,21,453.0,1799.0,0.2518065591995553
8,3,22,402.0,1362.0,0.29515418502202645
8,3,23,196.0,783.0,0.2503192848020434
8,4,1,556.0,11903.0,0.046710913215155844
8,4,2,741.0,11990.0,0.061801501251042536
8,4,3,771.0,11552.0,0.06674168975069251
8,4,4,776.0,11293.0,0.06871513326839636
8,4,5,716.0,11601.0,0.06171881734333247
8,4,6,786.0,12562.0,0.06256965451361249
8,4,7,805.0,12635.0,0.06371191135734072
8,4,8,883.0,13206.0,0.06686354687263366
8,4,9,942.0,13937.0,0.06758986869484107
8,4,10,1050.0,14661.0,0.07161857990587273
8,4,11,1113.0,14757.0,0.07542183370603782
8,4,12,1339.0,14078.0,0.09511294217928683
8,4,13,1305.0,13028.0,0.10016886705557261
8,4,14,1741.0,12191.0,0.14281026987121648
8,4,15,1502.0,10243.0,0.14663672752123402
8,4,16,1848.0,8692.0,0.2126092959042798
8,4,17,1368.0,7028.0,0.19464997154240182
8,4,18,1498.0,5749.0,0.2605670551400244
8,4,19,1010.0,4271.0,0.23647857644579723
8,4,20,1006.0,3341.0,0.3011074528584256
8,4,21,597.0,2465.0,0.24219066937119677
8,4,22,519.0,1831.0,0.2834516657564173
8,4,23,334.0,1257.0,0.2657120127287192
